Category,Amount
Money transfer,606528.9
Investment,269858.0
Transportation,169053.78
Household,161645.58000000002
subscription,114587.91
Food,96393.1
Public Provident Fund,90000.0
Other,87025.28
Family,78582.2
Health,66252.75
Tourism,63608.85
Gift,40168.0
Apparel,25373.82
Recurring Deposit,22000.0
maid,21839.0
Cook,12443.0
Rent,10709.0
Festivals,6911.0
Culture,4304.36
Beauty,4189.0
Self-development,2357.0
Education,537.0
Grooming,400.0
Social Life,298.0
water (jar /tanker),148.0
Documents,100.0
garbage disposal,67.0
