Month,Amount,Income,Savings
2015-01,33870.0,0.0,-33870.0
2015-02,24308.0,49806.0,25498.0
2015-03,32631.4,70806.0,38174.6
2015-04,24222.0,49306.0,25084.0
2015-05,63118.0,47859.0,-15259.0
2015-06,19567.0,47859.0,28292.0
2015-07,31735.0,47859.0,16124.0
2015-08,43340.0,49806.0,6466.0
2015-09,18577.0,54606.0,36029.0
2015-10,32217.0,49806.0,17589.0
2015-11,26459.0,51306.0,24847.0
2015-12,72030.0,77335.0,5305.0
2016-01,38435.0,94806.0,56371.0
2016-02,27021.0,49806.0,22785.0
2016-03,16631.0,70806.0,54175.0
2016-04,28460.0,51562.45,23102.449999999997
2016-05,38309.0,51556.0,13247.0
2016-06,32013.9,52284.0,20270.1
2016-07,36462.0,51556.0,15094.0
2016-08,46502.0,63894.0,17392.0
2016-09,29020.5,58893.0,29872.5
2016-10,31138.2,56647.0,25508.8
2016-11,69175.0,58096.0,-11079.0
2016-12,74916.6,56590.0,-18326.600000000006
2017-01,117797.42,63101.0,-54696.42
2017-02,43943.35,56021.0,12077.650000000001
2017-03,36502.08,56686.0,20183.92
2017-04,23834.38,56957.0,33122.619999999995
2017-05,43830.1,56970.0,13139.900000000001
2017-06,32293.55,57827.0,25533.45
2017-07,63873.0,181617.0,117744.0
2017-08,101393.7,123383.0,21989.300000000003
2017-09,32419.0,62373.0,29954.0
2017-10,45532.09,6000.0,-39532.09
2017-11,64364.0,143155.0,78791.0
2017-12,46805.0,82321.0,35516.0
2018-01,142080.9,292938.0,150857.1
2018-02,26218.0,64738.0,38520.0
2018-03,23396.75,69343.5,45946.75
2018-04,48339.58,65824.15,17484.569999999992
2018-05,40670.0,69238.0,28568.0
2018-06,38161.02,68551.0,30389.980000000003
2018-07,67738.36,77267.5,9529.14
2018-08,21305.65,71735.75,50430.1
2018-09,4724.0,3500.0,-1224.0
